d9beff063013bf2c0e1c8f0c6cc94d3b4eb1771d7b80a185e8ba4fc50e2ef7af	projects/DOC-1-013-Allosteric-Communication/LARGE_DATA_NOTE.md	DOC-1-013-Allosteric-Communication/LARGE_DATA_NOTE.md
55bc56153f3e1b948d82b68f1da982b75979a531cfe4628aef2b73b43f2c65ae	projects/DOC-1-013-Allosteric-Communication/PROJECT_SUMMARY.md	DOC-1-013-Allosteric-Communication/PROJECT_SUMMARY.md
7127fc68eb6bdfb57bc472eca33c806335f1fffbd587284916156f847b3aff4f	projects/DOC-1-013-Allosteric-Communication/rounds/SP-006-DOC-1-013-R2-feasibility-failure-compact.tar-d4f1fb2a/README.md	DOC-1-013-Allosteric-Communication/rounds/SP-006-DOC-1-013-R2-feasibility-failure-compact.tar-d4f1fb2a/README.md
407d08a912b41000fedc7fec6627f4ab65b6727010b598010f6a8b462b81e5f5	projects/DOC-1-013-Allosteric-Communication/rounds/SP-006-DOC-1-013-R2-feasibility-failure-compact.tar-d4f1fb2a/preflight/PREFLIGHT.md	DOC-1-013-Allosteric-Communication/rounds/SP-006-DOC-1-013-R2-feasibility-failure-compact.tar-d4f1fb2a/preflight/PREFLIGHT.md
362abe36d4ed2e036a5add75464340d1225263363eb4ad90c7b51f173543f2ac	projects/DOC-1-013-Allosteric-Communication/rounds/SP-006-DOC-1-013-R2-feasibility-failure-compact.tar-d4f1fb2a/protocol/LOCKED_PROTOCOL_R2.md	DOC-1-013-Allosteric-Communication/rounds/SP-006-DOC-1-013-R2-feasibility-failure-compact.tar-d4f1fb2a/protocol/LOCKED_PROTOCOL_R2.md
6f098f360f85c52441e411c9a9f218da8624a4eeb5631c9fd014a95b0bcc6c94	projects/DOC-1-013-Allosteric-Communication/rounds/SP-006-DOC-1-013-R2-feasibility-failure-compact.tar-d4f1fb2a/protocol/LOCKED_PROTOCOL_R2.sha256	DOC-1-013-Allosteric-Communication/rounds/SP-006-DOC-1-013-R2-feasibility-failure-compact.tar-d4f1fb2a/protocol/LOCKED_PROTOCOL_R2.sha256
913e1ff9df1cea3f2eaf8b5b1e46999b89eca652924b4a7f857a1300f7df2724	projects/DOC-1-013-Allosteric-Communication/rounds/SP-006-DOC-1-013-R2-feasibility-failure-compact.tar-d4f1fb2a/provenance/MANIFEST.sha256	DOC-1-013-Allosteric-Communication/rounds/SP-006-DOC-1-013-R2-feasibility-failure-compact.tar-d4f1fb2a/provenance/MANIFEST.sha256
1d10e600e663de9ba3c252ef4b9b0bcff1f47438a91305382a5d5d4dee60b6e5	projects/DOC-1-013-Allosteric-Communication/rounds/SP-006-DOC-1-013-R2-feasibility-failure-compact.tar-d4f1fb2a/provenance/compute_ledger.jsonl	DOC-1-013-Allosteric-Communication/rounds/SP-006-DOC-1-013-R2-feasibility-failure-compact.tar-d4f1fb2a/provenance/compute_ledger.jsonl
f104d81252f7f83c088fb57e9fda8ca701cacdbe220793033bf63735e5380444	projects/DOC-1-013-Allosteric-Communication/rounds/SP-006-DOC-1-013-R2-feasibility-failure-compact.tar-d4f1fb2a/provenance/environment.txt	DOC-1-013-Allosteric-Communication/rounds/SP-006-DOC-1-013-R2-feasibility-failure-compact.tar-d4f1fb2a/provenance/environment.txt
e8db29d9f7bd9d54d02c90d3b7e88623f0e387e1d3d712cda9ca317c4dab9f03	projects/DOC-1-013-Allosteric-Communication/rounds/SP-006-DOC-1-013-R2-feasibility-failure-compact.tar-d4f1fb2a/provenance/http_ledger.jsonl	DOC-1-013-Allosteric-Communication/rounds/SP-006-DOC-1-013-R2-feasibility-failure-compact.tar-d4f1fb2a/provenance/http_ledger.jsonl
6726456af4f988b5c3a9191d3013bdb067a167023392935c41b20363170a8165	projects/DOC-1-013-Allosteric-Communication/rounds/SP-006-DOC-1-013-R2-feasibility-failure-compact.tar-d4f1fb2a/report/DOC-1-013-R2_FEASIBILITY_REPORT.md	DOC-1-013-Allosteric-Communication/rounds/SP-006-DOC-1-013-R2-feasibility-failure-compact.tar-d4f1fb2a/report/DOC-1-013-R2_FEASIBILITY_REPORT.md
5cad615d5b685f826cf1cbcfd89b7f5c6743f83742db1c8a9d1cb0e3e6a2d944	projects/DOC-1-013-Allosteric-Communication/rounds/SP-006-DOC-1-013-R2-feasibility-failure-compact.tar-d4f1fb2a/results/screening_log.csv	DOC-1-013-Allosteric-Communication/rounds/SP-006-DOC-1-013-R2-feasibility-failure-compact.tar-d4f1fb2a/results/screening_log.csv
1daac2849cbd9a04d47b5e4d3c4d65c1b04dd8856f06da2f354a5c17f4158d2d	projects/DOC-1-013-Allosteric-Communication/rounds/SP-006-DOC-1-013-R2-feasibility-failure-compact.tar-d4f1fb2a/scripts/build_r2.py	DOC-1-013-Allosteric-Communication/rounds/SP-006-DOC-1-013-R2-feasibility-failure-compact.tar-d4f1fb2a/scripts/build_r2.py
68d89fb2eba5dba94016212ef88ae8c21296570bd001c5e84687ffcbb0a9f9cc	projects/DOC-1-013-Allosteric-Communication/rounds/SP-006-DOC-1-013-R2-feasibility-failure-compact.tar-d4f1fb2a/scripts/build_r2_live.py	DOC-1-013-Allosteric-Communication/rounds/SP-006-DOC-1-013-R2-feasibility-failure-compact.tar-d4f1fb2a/scripts/build_r2_live.py
a5e954639fb2b33c4fed393ab25e5fb5eaa2bcd951ee58eb2a5a089c265abc01	projects/DOC-1-013-Allosteric-Communication/rounds/SP-006-DOC-1-013-R3-SIFTS-mapping-gate.tar-17602c85/README.md	DOC-1-013-Allosteric-Communication/rounds/SP-006-DOC-1-013-R3-SIFTS-mapping-gate.tar-17602c85/README.md
403caecb9d04fd066bd07d2fca9288e21640412ea4c57be7b76900abb0b3cf13	projects/DOC-1-013-Allosteric-Communication/rounds/SP-006-DOC-1-013-R3-SIFTS-mapping-gate.tar-17602c85/preflight/manual_control_sample.csv	DOC-1-013-Allosteric-Communication/rounds/SP-006-DOC-1-013-R3-SIFTS-mapping-gate.tar-17602c85/preflight/manual_control_sample.csv
c6e55176d4a321ba7b397e13f7de668ad8aac362b0c4efdfb2c88bd3014dbfab	projects/DOC-1-013-Allosteric-Communication/rounds/SP-006-DOC-1-013-R3-SIFTS-mapping-gate.tar-17602c85/protocol/LOCKED_OUTCOME_PROTOCOL_R3.md	DOC-1-013-Allosteric-Communication/rounds/SP-006-DOC-1-013-R3-SIFTS-mapping-gate.tar-17602c85/protocol/LOCKED_OUTCOME_PROTOCOL_R3.md
216beb7fcacef6f2e7b8a3cb58ad6552a5cff072495104a9dc39faf9a2e50970	projects/DOC-1-013-Allosteric-Communication/rounds/SP-006-DOC-1-013-R3-SIFTS-mapping-gate.tar-17602c85/protocol/LOCKED_OUTCOME_PROTOCOL_R3.sha256	DOC-1-013-Allosteric-Communication/rounds/SP-006-DOC-1-013-R3-SIFTS-mapping-gate.tar-17602c85/protocol/LOCKED_OUTCOME_PROTOCOL_R3.sha256
8eba3fc535db7383dfa930d1e711084f3f7a60d46e0ef0a7bb3c08f0ce4daded	projects/DOC-1-013-Allosteric-Communication/rounds/SP-006-DOC-1-013-R3-SIFTS-mapping-gate.tar-17602c85/provenance/MANIFEST.sha256	DOC-1-013-Allosteric-Communication/rounds/SP-006-DOC-1-013-R3-SIFTS-mapping-gate.tar-17602c85/provenance/MANIFEST.sha256
ebe5b32231d35a86de0f6832cf42b1232a97c268a3f76a1028ee1871e08fd9c5	projects/DOC-1-013-Allosteric-Communication/rounds/SP-006-DOC-1-013-R3-SIFTS-mapping-gate.tar-17602c85/provenance/http_ledger.jsonl	DOC-1-013-Allosteric-Communication/rounds/SP-006-DOC-1-013-R3-SIFTS-mapping-gate.tar-17602c85/provenance/http_ledger.jsonl
df1f5d66937e013181b2b33a8e7f5ef660bca2da507db481ddc924eb31f9d553	projects/DOC-1-013-Allosteric-Communication/rounds/SP-006-DOC-1-013-R3-SIFTS-mapping-gate.tar-17602c85/report/DOC-1-013-R3_MAPPING_REPORT.md	DOC-1-013-Allosteric-Communication/rounds/SP-006-DOC-1-013-R3-SIFTS-mapping-gate.tar-17602c85/report/DOC-1-013-R3_MAPPING_REPORT.md
b19c66b5cc64c25d52724b1845fa85d085aab8df2583e93591dd0761a9655176	projects/DOC-1-013-Allosteric-Communication/rounds/SP-006-DOC-1-013-R3-SIFTS-mapping-gate.tar-17602c85/results/manual_control_pdbe_api.csv	DOC-1-013-Allosteric-Communication/rounds/SP-006-DOC-1-013-R3-SIFTS-mapping-gate.tar-17602c85/results/manual_control_pdbe_api.csv
3bcefc0a6f7239132ea460b4446f1e9bb85e999e40d6cad5f6908bbe8db68e14	projects/DOC-1-013-Allosteric-Communication/rounds/SP-006-DOC-1-013-R3-SIFTS-mapping-gate.tar-17602c85/results/preflight_gate.json	DOC-1-013-Allosteric-Communication/rounds/SP-006-DOC-1-013-R3-SIFTS-mapping-gate.tar-17602c85/results/preflight_gate.json
a56609799c40b77ee69286b748c477f923cd40406f868f260feb1fc0189c8f96	projects/DOC-1-013-Allosteric-Communication/rounds/SP-006-DOC-1-013-R3-SIFTS-mapping-gate.tar-17602c85/results/segment_mapping_audit.csv	DOC-1-013-Allosteric-Communication/rounds/SP-006-DOC-1-013-R3-SIFTS-mapping-gate.tar-17602c85/results/segment_mapping_audit.csv
df439ebce37e3a82084fe665cf304bdd132cffb0f7c647fa7d4162f14574adb9	projects/DOC-1-013-Allosteric-Communication/rounds/SP-006-DOC-1-013-R3-SIFTS-mapping-gate.tar-17602c85/scripts/preflight_segments.py	DOC-1-013-Allosteric-Communication/rounds/SP-006-DOC-1-013-R3-SIFTS-mapping-gate.tar-17602c85/scripts/preflight_segments.py
e8bcc00ec555d5dee7645d991559f35cba3a7dad970db28fbc074443d51d77c7	projects/DOC-1-013-Allosteric-Communication/rounds/SP-006-DOC-1-013-completed-experiment.tar-2dd2f963/README.md	DOC-1-013-Allosteric-Communication/rounds/SP-006-DOC-1-013-completed-experiment.tar-2dd2f963/README.md
a3bf720b7c157a74819270cd20a5b79021f85703e4332cc476be48cf0b600afa	projects/DOC-1-013-Allosteric-Communication/rounds/SP-006-DOC-1-013-completed-experiment.tar-2dd2f963/data/processed/residue_labels.csv	DOC-1-013-Allosteric-Communication/rounds/SP-006-DOC-1-013-completed-experiment.tar-2dd2f963/data/processed/residue_labels.csv
eed33ac6f5281143acb8412de54accb7b0f49cbb24073b19b4bacb1470ef1ad7	projects/DOC-1-013-Allosteric-Communication/rounds/SP-006-DOC-1-013-completed-experiment.tar-2dd2f963/protocol/LOCKED_PROTOCOL.md	DOC-1-013-Allosteric-Communication/rounds/SP-006-DOC-1-013-completed-experiment.tar-2dd2f963/protocol/LOCKED_PROTOCOL.md
0edec8f50b09fc2f383180d583801fcfa9712eaf18ffed8ad68c94ed75c1080b	projects/DOC-1-013-Allosteric-Communication/rounds/SP-006-DOC-1-013-completed-experiment.tar-2dd2f963/protocol/LOCKED_PROTOCOL.sha256	DOC-1-013-Allosteric-Communication/rounds/SP-006-DOC-1-013-completed-experiment.tar-2dd2f963/protocol/LOCKED_PROTOCOL.sha256
2579a81cda2aba5c5d4837a5253e5021ef539e47e567f52c7fe93e199c22f196	projects/DOC-1-013-Allosteric-Communication/rounds/SP-006-DOC-1-013-completed-experiment.tar-2dd2f963/provenance/MANIFEST.sha256	DOC-1-013-Allosteric-Communication/rounds/SP-006-DOC-1-013-completed-experiment.tar-2dd2f963/provenance/MANIFEST.sha256
9ba72e47371c97c522f5e1555277004dfa89a5aa7838f6283c296b94c5be4d96	projects/DOC-1-013-Allosteric-Communication/rounds/SP-006-DOC-1-013-completed-experiment.tar-2dd2f963/provenance/http_ledger.jsonl	DOC-1-013-Allosteric-Communication/rounds/SP-006-DOC-1-013-completed-experiment.tar-2dd2f963/provenance/http_ledger.jsonl
62ceb4686f4c01abd6194bfefd9a4965f876c0da713ecc258b65a051b8b333b0	projects/DOC-1-013-Allosteric-Communication/rounds/SP-006-DOC-1-013-completed-experiment.tar-2dd2f963/provenance/model_artifact.json	DOC-1-013-Allosteric-Communication/rounds/SP-006-DOC-1-013-completed-experiment.tar-2dd2f963/provenance/model_artifact.json
a990cb9f83f89bdb68a0280ffc9592c6a887236d59ceee33dc2b6a671f1bf2c6	projects/DOC-1-013-Allosteric-Communication/rounds/SP-006-DOC-1-013-completed-experiment.tar-2dd2f963/report/SP-006_RESEARCH_REPORT.md	DOC-1-013-Allosteric-Communication/rounds/SP-006-DOC-1-013-completed-experiment.tar-2dd2f963/report/SP-006_RESEARCH_REPORT.md
208268a2881e1c91cc5d12018685971d2291d713f98c0ef463632579ff85f145	projects/DOC-1-013-Allosteric-Communication/rounds/SP-006-DOC-1-013-completed-experiment.tar-2dd2f963/results/per_protein_metrics.csv	DOC-1-013-Allosteric-Communication/rounds/SP-006-DOC-1-013-completed-experiment.tar-2dd2f963/results/per_protein_metrics.csv
683ac5b443e3714826827d62bbb4dbf7c3feb42737a76f957a161cd3430b0e6d	projects/DOC-1-013-Allosteric-Communication/rounds/SP-006-DOC-1-013-completed-experiment.tar-2dd2f963/results/primary_inference.json	DOC-1-013-Allosteric-Communication/rounds/SP-006-DOC-1-013-completed-experiment.tar-2dd2f963/results/primary_inference.json
a0093cc465a161b1d553b52a3826d193febe644375b2bb0c4b663dddd9e3ad24	projects/DOC-1-013-Allosteric-Communication/rounds/SP-006-DOC-1-013-completed-experiment.tar-2dd2f963/results/screening_log.csv	DOC-1-013-Allosteric-Communication/rounds/SP-006-DOC-1-013-completed-experiment.tar-2dd2f963/results/screening_log.csv
fc659909d6a7d0ca914147f2301cf518858a487f29f72bc2973d12a4585c8081	projects/DOC-1-013-Allosteric-Communication/rounds/SP-006-DOC-1-013-completed-experiment.tar-2dd2f963/results/summary_metrics.csv	DOC-1-013-Allosteric-Communication/rounds/SP-006-DOC-1-013-completed-experiment.tar-2dd2f963/results/summary_metrics.csv
4d1992f8523d5738b36d91e8d513741d9a6e0112961a2f7c0bc6bfb9d449d845	projects/DOC-1-013-Allosteric-Communication/rounds/SP-006-DOC-1-013-completed-experiment.tar-2dd2f963/scripts/analyze.py	DOC-1-013-Allosteric-Communication/rounds/SP-006-DOC-1-013-completed-experiment.tar-2dd2f963/scripts/analyze.py
7ac6073e11eaf6f49aca8a84322da1f1fe60dc8dd59421952877343cf89cac93	projects/DOC-1-013-Allosteric-Communication/rounds/SP-006-DOC-1-013-completed-experiment.tar-2dd2f963/scripts/build_cohort.py	DOC-1-013-Allosteric-Communication/rounds/SP-006-DOC-1-013-completed-experiment.tar-2dd2f963/scripts/build_cohort.py
e4bc167864b6e54fae7e7d0bd51ec6ab87ec1815ff0ee038ba717a0272192272	projects/DOC-1-013-Allosteric-Communication/rounds/SP-006-DOC-1-013-completed-experiment.tar-2dd2f963/scripts/embed.py	DOC-1-013-Allosteric-Communication/rounds/SP-006-DOC-1-013-completed-experiment.tar-2dd2f963/scripts/embed.py
7707a858a03dab8b8651c8a9596ca78a2c08a40669b74e93f473867c698a5c74	projects/DOC-1-013-Allosteric-Communication/rounds/SP-006-DOC-1-013-completed-experiment.tar-2dd2f963/scripts/fetch_uniprot.py	DOC-1-013-Allosteric-Communication/rounds/SP-006-DOC-1-013-completed-experiment.tar-2dd2f963/scripts/fetch_uniprot.py
65485885d4d32fdebad32627b68cf51863773ad5b26f00698fc0eac0cf4e9a73	projects/DOC-1-013-Allosteric-Communication/rounds/SP-006-DOC-1-013-completed-experiment.tar-2dd2f963/scripts/search_rcsb.py	DOC-1-013-Allosteric-Communication/rounds/SP-006-DOC-1-013-completed-experiment.tar-2dd2f963/scripts/search_rcsb.py
